Clinical tests and Analytical services, 1
Distributor, 20
Manufacturer, 48
Custom Manufacturer, 20
Service Company, 3
Contract blender, 1
Ingredient supplier, 1
Contract Manufacturer, 2
Custom formulation, 1
filling, 2
labelling, 1
packaging, 3
Co-packaging and Private Label, 1
private label, 1
custom-made formulations and Manufacturing, 1
Formulation, 16
Filling, 3
Contract Manufacturing and Packaging, 2
Contract Development, 1
Manufacturing, 2
Packaging & Laboratory services, 1
Product Development, 9
Contract Manufacturing, 38
R&D Formulation, 7
Filling and Private Label, 5
R&D Formulation and Packaging, 1
Packaging and Private Label, 1
Contract Filling, 1
CBD Products, 1
Quality Control and Packaging, 1
R&D Formulation and Filling, 1
Packaging and Label Design, 1
Formualtion and blending, 1
Liquid Filling, 1
Labeling and Packaging, 1
Packaging and Contract Filling, 2
co-packaging and Private Label, 1
Private Label and Product Development, 3
packaging and Label Design, 4
Manufacurer, 1
Custom Filling and Assembly, 2
R&D Formulation and Private Label, 1
R&D Formulation and Technical Transfer of Customer Developed Formulations, 1
packaging and Private Label, 2
Custom Contract Manufacturing, 2
Formulation and custom packaging, 1
CONTRACT MANUFACTURING & CUSTOM DEVELOPMENT, 1
Private Label, 2
Custom Development, 2
Research & Development, 1
Packaging, 1
Production and Quality & Regulatory, 1
Contract Manufacturing and packaging, 1
Packaging and Filling, 1
Formulation and Assembly only, 1
Product Development and Contract R&D, 1
Private Label and Custom Formulation, 1
Contract Manufacturingand Custom Formulation, 1
Regualatory and Custom Formulation, 1
Contract Manufacturing and Quality, 1
packaging and Labelling, 1
Contract Filling and Labelling, 1
manufacturing, 1
assembly, 1
Private Label and packaging, 1
Private Label and Regulatory, 1
Custom Formulation, 1
Packaging and Labelling, 1
Formulation and Development, 1
QC & QA services, 1
Custom Manufacturer and Private Label, 1
Custom Formulation and Private Label, 1
